student_id,subject,student_group_id,G3,G1,G2,risk_label,risk_level,logo_proba_risk,logo_pred,logo_pred_level,pred_correct
mat0001,mat,STU0001,6,5,6,1,高,1.0,1,高,1
mat0002,mat,STU0002,6,5,5,1,高,0.0,0,低,0
mat0003,mat,STU0003,10,7,8,0,中,0.0,0,低,1
mat0004,mat,STU0004,15,15,14,0,低,0.0,0,低,1
mat0005,mat,STU0005,10,6,10,0,中,1.0,1,高,0
mat0006,mat,STU0006,15,15,15,0,低,0.0,0,低,1
mat0007,mat,STU0007,11,12,12,0,低,1.0,1,高,0
mat0008,mat,STU0008,6,6,5,1,高,1.0,1,高,1
mat0009,mat,STU0009,19,16,18,0,低,0.0,0,低,1
mat0010,mat,STU0010,15,14,15,0,低,0.0,0,低,1
mat0011,mat,STU0011,9,10,8,1,中,0.0,0,低,0
mat0012,mat,STU0012,12,10,12,0,低,0.0,0,低,1
mat0013,mat,STU0013,14,14,14,0,低,0.0,0,低,1
mat0014,mat,STU0014,11,10,10,0,低,1.0,1,高,0
mat0015,mat,STU0015,16,14,16,0,低,0.0,0,低,1
mat0016,mat,STU0016,14,14,14,0,低,0.0,0,低,1
mat0017,mat,STU0017,14,13,14,0,低,0.0,0,低,1
mat0018,mat,STU0018,10,8,10,0,中,0.0,0,低,1
mat0019,mat,STU0019,5,6,5,1,高,1.0,1,高,1
mat0020,mat,STU0020,10,8,10,0,中,0.0,0,低,1
mat0021,mat,STU0021,15,13,14,0,低,0.0,0,低,1
mat0022,mat,STU0022,15,12,15,0,低,0.0,0,低,1
mat0023,mat,STU0023,16,15,15,0,低,0.0,0,低,1
mat0024,mat,STU0024,12,13,13,0,低,0.0,0,低,1
mat0025,mat,STU0025,8,10,9,1,中,0.0,0,低,0
mat0026,mat,STU0026,8,6,9,1,中,1.0,1,高,1
mat0027,mat,STU0027,11,12,12,0,低,0.0,0,低,1
mat0028,mat,STU0028,15,15,16,0,低,0.0,0,低,1
mat0029,mat,STU0029,11,11,11,0,低,0.0,0,低,1
mat0030,mat,STU0030,11,10,12,0,低,0.0,0,低,1
mat0031,mat,STU0031,12,9,11,0,低,0.0,0,低,1
mat0032,mat,STU0032,17,17,16,0,低,0.0,0,低,1
mat0033,mat,STU0033,16,17,16,0,低,1.0,1,高,0
mat0034,mat,STU0034,12,8,10,0,低,0.0,0,低,1
mat0035,mat,STU0035,15,12,14,0,低,0.0,0,低,1
mat0036,mat,STU0036,6,8,7,1,高,0.0,0,低,0
mat0037,mat,STU0037,18,15,16,0,低,0.0,0,低,1
mat0038,mat,STU0038,15,15,16,0,低,0.0,0,低,1
mat0039,mat,STU0039,11,12,12,0,低,1.0,1,高,0
mat0040,mat,STU0040,13,14,13,0,低,0.0,0,低,1
mat0041,mat,STU0041,11,7,10,0,低,0.0,0,低,1
mat0042,mat,STU0042,12,12,12,0,低,0.0,0,低,1
mat0043,mat,STU0043,18,19,18,0,低,0.0,0,低,1
mat0044,mat,STU0044,11,8,8,0,低,0.0,0,低,1
mat0045,mat,STU0045,9,10,10,1,中,1.0,1,高,1
mat0046,mat,STU0046,6,8,8,1,高,0.0,0,低,0
mat0047,mat,STU0047,11,11,12,0,低,0.0,0,低,1
mat0048,mat,STU0048,20,19,19,0,低,0.0,0,低,1
mat0049,mat,STU0049,14,15,15,0,低,0.0,0,低,1
mat0050,mat,STU0050,7,7,7,1,高,0.0,0,低,0
mat0051,mat,STU0051,13,12,13,0,低,0.0,0,低,1
mat0052,mat,STU0052,13,11,13,0,低,0.0,0,低,1
mat0053,mat,STU0053,10,11,11,0,中,0.0,0,低,1
mat0054,mat,STU0054,11,8,10,0,低,0.0,0,低,1
mat0055,mat,STU0055,13,10,13,0,低,0.0,0,低,1
mat0056,mat,STU0056,10,8,9,0,中,0.0,0,低,1
mat0057,mat,STU0057,15,14,15,0,低,0.0,0,低,1
mat0058,mat,STU0058,15,14,15,0,低,0.0,0,低,1
mat0059,mat,STU0059,9,9,10,1,中,1.0,1,高,1
mat0060,mat,STU0060,16,15,16,0,低,0.0,0,低,1
mat0061,mat,STU0061,11,10,11,0,低,0.0,0,低,1
mat0062,mat,STU0062,11,10,8,0,低,0.0,0,低,1
mat0063,mat,STU0063,9,8,10,1,中,0.0,0,低,0
mat0064,mat,STU0064,9,10,9,1,中,1.0,1,高,1
mat0065,mat,STU0065,10,10,10,0,中,0.0,0,低,1
mat0066,mat,STU0066,15,16,15,0,低,0.0,0,低,1
mat0067,mat,STU0067,12,13,13,0,低,0.0,0,低,1
mat0068,mat,STU0068,6,7,7,1,高,1.0,1,高,1
mat0069,mat,STU0069,8,8,9,1,中,0.0,0,低,0
mat0070,mat,STU0070,16,16,16,0,低,0.0,0,低,1
mat0071,mat,STU0071,15,13,15,0,低,0.0,0,低,1
mat0072,mat,STU0072,10,10,10,0,中,0.0,0,低,1
mat0073,mat,STU0073,5,8,6,1,高,1.0,1,高,1
mat0074,mat,STU0074,14,12,12,0,低,0.0,0,低,1
mat0075,mat,STU0075,11,11,12,0,低,1.0,1,高,0
mat0076,mat,STU0076,10,9,9,0,中,0.0,0,低,1
mat0077,mat,STU0077,10,11,11,0,中,0.0,0,低,1
mat0078,mat,STU0078,11,11,11,0,低,0.0,0,低,1
mat0079,mat,STU0079,10,8,8,0,中,1.0,1,高,0
mat0080,mat,STU0080,5,5,5,1,高,0.0,0,低,0
mat0081,mat,STU0081,12,10,12,0,低,0.0,0,低,1
mat0082,mat,STU0082,11,11,10,0,低,0.0,0,低,1
mat0083,mat,STU0083,6,7,6,1,高,0.0,0,低,0
mat0084,mat,STU0084,15,15,15,0,低,0.0,0,低,1
mat0085,mat,STU0085,10,9,10,0,中,0.0,0,低,1
mat0086,mat,STU0086,8,7,9,1,中,0.0,0,低,0
mat0087,mat,STU0087,6,8,7,1,高,0.0,0,低,0
mat0088,mat,STU0088,14,13,14,0,低,0.0,0,低,1
mat0089,mat,STU0089,10,11,10,0,中,0.0,0,低,1
mat0090,mat,STU0090,7,8,6,1,高,0.0,0,低,0
mat0091,mat,STU0091,8,7,7,1,中,1.0,1,高,1
mat0092,mat,STU0092,18,16,17,0,低,0.0,0,低,1
mat0093,mat,STU0093,6,7,6,1,高,0.0,0,低,0
mat0094,mat,STU0094,10,11,10,0,中,0.0,0,低,1
mat0095,mat,STU0095,14,11,13,0,低,0.0,0,低,1
mat0096,mat,STU0096,10,7,10,0,中,0.0,0,低,1
mat0097,mat,STU0097,15,11,15,0,低,0.0,0,低,1
mat0098,mat,STU0098,10,8,9,0,中,0.0,0,低,1
mat0099,mat,STU0099,14,11,14,0,低,0.0,0,低,1
mat0100,mat,STU0100,8,7,9,1,中,0.0,0,低,0
mat0101,mat,STU0101,5,7,7,1,高,0.0,0,低,0
mat0102,mat,STU0102,17,16,17,0,低,0.0,0,低,1
mat0103,mat,STU0103,14,10,13,0,低,0.0,0,低,1
mat0104,mat,STU0104,6,7,6,1,高,1.0,1,高,1
mat0105,mat,STU0105,18,16,18,0,低,0.0,0,低,1
mat0106,mat,STU0106,11,10,11,0,低,0.0,0,低,1
mat0107,mat,STU0107,8,7,8,1,中,1.0,1,高,1
mat0108,mat,STU0108,18,16,18,0,低,0.0,0,低,1
mat0109,mat,STU0109,13,10,13,0,低,0.0,0,低,1
mat0110,mat,STU0110,16,14,15,0,低,0.0,0,低,1
mat0111,mat,STU0111,19,18,19,0,低,0.0,0,低,1
mat0112,mat,STU0112,10,7,10,0,中,0.0,0,低,1
mat0113,mat,STU0113,13,10,13,0,低,0.0,0,低,1
mat0114,mat,STU0114,19,18,19,0,低,0.0,0,低,1
mat0115,mat,STU0115,9,9,9,1,中,0.0,0,低,0
mat0116,mat,STU0116,16,15,15,0,低,0.0,0,低,1
mat0117,mat,STU0117,14,11,13,0,低,0.0,0,低,1
mat0118,mat,STU0118,13,13,14,0,低,0.0,0,低,1
mat0119,mat,STU0119,8,9,7,1,中,0.0,0,低,0
mat0120,mat,STU0120,13,14,13,0,低,1.0,1,高,0
mat0121,mat,STU0121,15,16,15,0,低,0.0,0,低,1
mat0122,mat,STU0122,15,16,14,0,低,0.0,0,低,1
mat0123,mat,STU0123,13,13,13,0,低,0.0,0,低,1
mat0124,mat,STU0124,13,14,11,0,低,0.0,0,低,1
mat0125,mat,STU0125,8,8,7,1,中,1.0,1,高,1
mat0126,mat,STU0126,12,13,13,0,低,0.0,0,低,1
mat0127,mat,STU0127,11,7,10,0,低,0.0,0,低,1
mat0128,mat,STU0128,9,7,8,1,中,1.0,1,高,1
mat0129,mat,STU0129,0,7,4,1,高,0.0,0,低,0
mat0130,mat,STU0130,18,18,18,0,低,0.0,0,低,1
mat0131,mat,STU0131,0,12,0,1,高,0.0,0,低,0
mat0132,mat,STU0132,0,8,0,1,高,0.0,0,低,0
mat0133,mat,STU0133,12,10,13,0,低,1.0,1,高,0
mat0134,mat,STU0134,11,12,11,0,低,0.0,0,低,1
mat0135,mat,STU0135,0,9,0,1,高,1.0,1,高,1
mat0136,mat,STU0136,0,11,0,1,高,0.0,0,低,0
mat0137,mat,STU0137,0,10,0,1,高,0.0,0,低,0
mat0138,mat,STU0138,0,4,0,1,高,1.0,1,高,1
mat0139,mat,STU0139,12,14,12,0,低,1.0,1,高,0
mat0140,mat,STU0140,15,16,16,0,低,0.0,0,低,1
mat0141,mat,STU0141,0,7,9,1,高,0.0,0,低,0
mat0142,mat,STU0142,9,9,9,1,中,1.0,1,高,1
mat0143,mat,STU0143,11,9,11,0,低,1.0,1,高,0
mat0144,mat,STU0144,13,14,14,0,低,0.0,0,低,1
mat0145,mat,STU0079,0,5,0,1,高,1.0,1,高,1
mat0146,mat,STU0145,11,8,11,0,低,0.0,0,低,1
mat0147,mat,STU0146,0,6,7,1,高,0.0,0,低,0
mat0148,mat,STU0147,11,10,11,0,低,0.0,0,低,1
mat0149,mat,STU0148,0,7,6,1,高,1.0,1,高,1
mat0150,mat,STU0149,10,8,9,0,中,1.0,1,高,0
mat0151,mat,STU0150,0,6,5,1,高,1.0,1,高,1
mat0152,mat,STU0151,14,12,13,0,低,1.0,1,高,0
mat0153,mat,STU0152,10,10,10,0,中,0.0,0,低,1
mat0154,mat,STU0153,0,5,0,1,高,1.0,1,高,1
mat0155,mat,STU0154,12,11,11,0,低,0.0,0,低,1
mat0156,mat,STU0155,8,11,8,1,中,0.0,0,低,0
mat0157,mat,STU0156,13,16,12,0,低,0.0,0,低,1
mat0158,mat,STU0157,10,9,8,0,中,0.0,0,低,1
mat0159,mat,STU0158,15,17,15,0,低,0.0,0,低,1
mat0160,mat,STU0159,12,10,12,0,低,1.0,1,高,0
mat0161,mat,STU0160,0,7,6,1,高,0.0,0,低,0
mat0162,mat,STU0161,7,5,9,1,高,1.0,1,高,1
mat0163,mat,STU0162,0,7,0,1,高,0.0,0,低,0
mat0164,mat,STU0163,10,10,10,0,中,1.0,1,高,0
mat0165,mat,STU0164,7,5,8,1,高,1.0,1,高,1
mat0166,mat,STU0165,12,12,11,0,低,1.0,1,高,0
mat0167,mat,STU0166,10,10,10,0,中,1.0,1,高,0
mat0168,mat,STU0167,16,14,15,0,低,0.0,0,低,1
mat0169,mat,STU0168,0,6,7,1,高,0.0,0,低,0
mat0170,mat,STU0169,14,14,14,0,低,1.0,1,高,0
mat0171,mat,STU0170,0,6,5,1,高,1.0,1,高,1
mat0172,mat,STU0171,16,13,15,0,低,0.0,0,低,1
mat0173,mat,STU0172,10,13,11,0,中,1.0,1,高,0
mat0174,mat,STU0173,0,8,7,1,高,0.0,0,低,0
mat0175,mat,STU0174,9,10,11,1,中,1.0,1,高,1
mat0176,mat,STU0175,9,10,9,1,中,0.0,0,低,0
mat0177,mat,STU0176,11,13,13,0,低,0.0,0,低,1
mat0178,mat,STU0177,6,6,5,1,高,0.0,0,低,0
mat0179,mat,STU0178,9,10,8,1,中,0.0,0,低,0
mat0180,mat,STU0179,11,10,10,0,低,0.0,0,低,1
mat0181,mat,STU0180,8,9,8,1,中,0.0,0,低,0
mat0182,mat,STU0181,12,12,13,0,低,0.0,0,低,1
mat0183,mat,STU0182,17,16,17,0,低,0.0,0,低,1
mat0184,mat,STU0183,8,9,9,1,中,0.0,0,低,0
mat0185,mat,STU0184,12,12,13,0,低,0.0,0,低,1
mat0186,mat,STU0185,11,12,12,0,低,0.0,0,低,1
mat0187,mat,STU0186,11,11,12,0,低,0.0,0,低,1
mat0188,mat,STU0187,15,15,15,0,低,0.0,0,低,1
mat0189,mat,STU0188,9,8,7,1,中,0.0,0,低,0
mat0190,mat,STU0189,10,8,9,0,中,0.0,0,低,1
mat0191,mat,STU0190,13,11,12,0,低,0.0,0,低,1
mat0192,mat,STU0191,9,8,8,1,中,0.0,0,低,0
mat0193,mat,STU0192,8,7,8,1,中,0.0,0,低,0
mat0194,mat,STU0193,10,8,9,0,中,0.0,0,低,1
mat0195,mat,STU0194,14,13,14,0,低,0.0,0,低,1
mat0196,mat,STU0195,15,14,15,0,低,0.0,0,低,1
mat0197,mat,STU0196,16,17,15,0,低,0.0,0,低,1
mat0198,mat,STU0197,10,9,9,0,中,1.0,1,高,0
mat0199,mat,STU0198,18,18,18,0,低,0.0,0,低,1
mat0200,mat,STU0199,10,9,9,0,中,0.0,0,低,1
mat0201,mat,STU0200,16,16,16,0,低,0.0,0,低,1
mat0202,mat,STU0201,10,8,10,0,中,0.0,0,低,1
mat0203,mat,STU0202,10,9,9,0,中,0.0,0,低,1
mat0204,mat,STU0203,6,7,6,1,高,1.0,1,高,1
mat0205,mat,STU0204,11,10,10,0,低,1.0,1,高,0
mat0206,mat,STU0205,9,10,9,1,中,1.0,1,高,1
mat0207,mat,STU0206,7,7,7,1,高,1.0,1,高,1
mat0208,mat,STU0207,13,11,12,0,低,1.0,1,高,0
mat0209,mat,STU0208,10,9,9,0,中,1.0,1,高,0
mat0210,mat,STU0209,7,7,7,1,高,0.0,0,低,0
mat0211,mat,STU0210,8,8,8,1,中,0.0,0,低,0
mat0212,mat,STU0211,13,12,12,0,低,1.0,1,高,0
mat0213,mat,STU0212,14,12,13,0,低,0.0,0,低,1
mat0214,mat,STU0213,8,6,7,1,中,1.0,1,高,1
mat0215,mat,STU0214,10,8,10,0,中,0.0,0,低,1
mat0216,mat,STU0215,15,14,15,0,低,1.0,1,高,0
mat0217,mat,STU0216,4,6,6,1,高,0.0,0,低,0
mat0218,mat,STU0217,8,6,6,1,中,0.0,0,低,0
mat0219,mat,STU0218,8,7,7,1,中,0.0,0,低,0
mat0220,mat,STU0219,10,9,10,0,中,0.0,0,低,1
mat0221,mat,STU0220,6,6,6,1,高,0.0,0,低,0
mat0222,mat,STU0221,0,6,5,1,高,0.0,0,低,0
mat0223,mat,STU0222,17,16,16,0,低,0.0,0,低,1
mat0224,mat,STU0223,13,12,13,0,低,1.0,1,高,0
mat0225,mat,STU0224,14,13,13,0,低,0.0,0,低,1
mat0226,mat,STU0225,7,9,8,1,高,0.0,0,低,0
mat0227,mat,STU0226,15,16,15,0,低,0.0,0,低,1
mat0228,mat,STU0227,12,12,11,0,低,0.0,0,低,1
mat0229,mat,STU0228,9,10,8,1,中,0.0,0,低,0
mat0230,mat,STU0229,12,12,10,0,低,0.0,0,低,1
mat0231,mat,STU0230,14,13,13,0,低,0.0,0,低,1
mat0232,mat,STU0231,11,11,11,0,低,1.0,1,高,0
mat0233,mat,STU0232,9,11,9,1,中,0.0,0,低,0
mat0234,mat,STU0233,13,14,13,0,低,0.0,0,低,1
mat0235,mat,STU0234,6,9,7,1,高,0.0,0,低,0
mat0236,mat,STU0235,10,11,9,0,中,0.0,0,低,1
mat0237,mat,STU0236,13,14,13,0,低,0.0,0,低,1
mat0238,mat,STU0237,12,13,12,0,低,0.0,0,低,1
mat0239,mat,STU0238,11,13,11,0,低,0.0,0,低,1
mat0240,mat,STU0239,0,7,7,1,高,0.0,0,低,0
mat0241,mat,STU0240,12,12,12,0,低,0.0,0,低,1
mat0242,mat,STU0241,12,10,11,0,低,0.0,0,低,1
mat0243,mat,STU0242,0,6,0,1,高,0.0,0,低,0
mat0244,mat,STU0243,12,13,12,0,低,0.0,0,低,1
mat0245,mat,STU0244,0,7,0,1,高,1.0,1,高,1
mat0246,mat,STU0245,18,18,18,0,低,0.0,0,低,1
mat0247,mat,STU0246,13,12,12,0,低,0.0,0,低,1
mat0248,mat,STU0247,8,6,8,1,中,1.0,1,高,1
mat0249,mat,STU0248,5,3,5,1,高,0.0,0,低,0
mat0250,mat,STU0249,15,13,15,0,低,1.0,1,高,0
mat0251,mat,STU0250,8,6,8,1,中,0.0,0,低,0
mat0252,mat,STU0251,10,7,10,0,中,0.0,0,低,1
mat0253,mat,STU0252,8,6,9,1,中,1.0,1,高,1
mat0254,mat,STU0253,8,8,9,1,中,0.0,0,低,0
mat0255,mat,STU0254,12,8,12,0,低,0.0,0,低,1
mat0256,mat,STU0255,8,7,9,1,中,0.0,0,低,0
mat0257,mat,STU0256,13,14,12,0,低,0.0,0,低,1
mat0258,mat,STU0257,11,11,11,0,低,0.0,0,低,1
mat0259,mat,STU0258,14,15,14,0,低,0.0,0,低,1
mat0260,mat,STU0259,0,10,9,1,高,0.0,0,低,0
mat0261,mat,STU0260,18,17,18,0,低,0.0,0,低,1
mat0262,mat,STU0261,8,8,8,1,中,0.0,0,低,0
mat0263,mat,STU0262,12,13,12,0,低,1.0,1,高,0
mat0264,mat,STU0263,9,10,9,1,中,0.0,0,低,0
mat0265,mat,STU0264,0,9,10,1,高,1.0,1,高,1
mat0266,mat,STU0265,17,17,17,0,低,0.0,0,低,1
mat0267,mat,STU0266,10,9,9,0,中,0.0,0,低,1
mat0268,mat,STU0267,11,12,10,0,低,1.0,1,高,0
mat0269,mat,STU0268,10,10,9,0,中,0.0,0,低,1
mat0270,mat,STU0269,0,6,0,1,高,1.0,1,高,1
mat0271,mat,STU0270,9,9,9,1,中,0.0,0,低,0
mat0272,mat,STU0271,14,15,14,0,低,0.0,0,低,1
mat0273,mat,STU0272,11,11,11,0,低,0.0,0,低,1
mat0274,mat,STU0273,14,15,14,0,低,0.0,0,低,1
mat0275,mat,STU0274,10,10,10,0,中,0.0,0,低,1
mat0276,mat,STU0275,12,12,12,0,低,1.0,1,高,0
mat0277,mat,STU0276,9,10,9,1,中,0.0,0,低,0
mat0278,mat,STU0277,9,9,9,1,中,0.0,0,低,0
mat0279,mat,STU0278,8,9,8,1,中,0.0,0,低,0
mat0280,mat,STU0279,10,10,11,0,中,1.0,1,高,0
mat0281,mat,STU0280,8,8,8,1,中,1.0,1,高,1
mat0282,mat,STU0281,10,11,9,0,中,0.0,0,低,1
mat0283,mat,STU0282,12,12,12,0,低,0.0,0,低,1
mat0284,mat,STU0283,10,8,9,0,中,0.0,0,低,1
mat0285,mat,STU0284,11,10,9,0,低,0.0,0,低,1
mat0286,mat,STU0285,11,12,10,0,低,0.0,0,低,1
mat0287,mat,STU0286,19,18,18,0,低,0.0,0,低,1
mat0288,mat,STU0287,12,13,12,0,低,0.0,0,低,1
mat0289,mat,STU0288,14,15,14,0,低,0.0,0,低,1
mat0290,mat,STU0289,15,15,13,0,低,0.0,0,低,1
mat0291,mat,STU0290,11,12,11,0,低,0.0,0,低,1
mat0292,mat,STU0291,15,15,15,0,低,0.0,0,低,1
mat0293,mat,STU0292,13,12,12,0,低,0.0,0,低,1
mat0294,mat,STU0293,18,18,18,0,低,0.0,0,低,1
mat0295,mat,STU0294,14,14,13,0,低,0.0,0,低,1
mat0296,mat,STU0295,11,14,12,0,低,0.0,0,低,1
mat0297,mat,STU0296,0,10,9,1,高,1.0,1,高,1
mat0298,mat,STU0297,8,10,8,1,中,1.0,1,高,1
mat0299,mat,STU0298,14,14,13,0,低,0.0,0,低,1
mat0300,mat,STU0299,16,16,15,0,低,0.0,0,低,1
mat0301,mat,STU0300,11,12,10,0,低,0.0,0,低,1
mat0302,mat,STU0301,10,11,11,0,中,0.0,0,低,1
mat0303,mat,STU0302,14,15,12,0,低,0.0,0,低,1
mat0304,mat,STU0303,18,17,17,0,低,0.0,0,低,1
mat0305,mat,STU0304,13,15,14,0,低,0.0,0,低,1
mat0306,mat,STU0305,12,14,12,0,低,1.0,1,高,0
mat0307,mat,STU0306,18,17,18,0,低,0.0,0,低,1
mat0308,mat,STU0307,8,8,9,1,中,0.0,0,低,0
mat0309,mat,STU0308,12,15,12,0,低,1.0,1,高,0
mat0310,mat,STU0309,10,12,10,0,中,0.0,0,低,1
mat0311,mat,STU0310,0,9,9,1,高,1.0,1,高,1
mat0312,mat,STU0311,13,14,12,0,低,0.0,0,低,1
mat0313,mat,STU0312,11,13,11,0,低,0.0,0,低,1
mat0314,mat,STU0313,11,13,10,0,低,0.0,0,低,1
mat0315,mat,STU0314,13,15,13,0,低,1.0,1,高,0
mat0316,mat,STU0315,11,13,11,0,低,0.0,0,低,1
mat0317,mat,STU0316,0,8,8,1,高,0.0,0,低,0
mat0318,mat,STU0317,9,9,10,1,中,0.0,0,低,0
mat0319,mat,STU0318,10,11,11,0,中,0.0,0,低,1
mat0320,mat,STU0319,11,11,11,0,低,1.0,1,高,0
mat0321,mat,STU0320,13,13,13,0,低,0.0,0,低,1
mat0322,mat,STU0321,9,11,9,1,中,0.0,0,低,0
mat0323,mat,STU0322,11,11,11,0,低,1.0,1,高,0
mat0324,mat,STU0323,15,12,14,0,低,0.0,0,低,1
mat0325,mat,STU0324,15,16,15,0,低,0.0,0,低,1
mat0326,mat,STU0325,11,9,12,0,低,0.0,0,低,1
mat0327,mat,STU0326,16,14,15,0,低,1.0,1,高,0
mat0328,mat,STU0327,10,11,10,0,中,0.0,0,低,1
mat0329,mat,STU0328,9,10,9,1,中,0.0,0,低,0
mat0330,mat,STU0329,14,14,14,0,低,0.0,0,低,1
mat0331,mat,STU0330,8,9,8,1,中,0.0,0,低,0
mat0332,mat,STU0331,14,12,14,0,低,0.0,0,低,1
mat0333,mat,STU0332,0,7,0,1,高,0.0,0,低,0
mat0334,mat,STU0333,0,8,8,1,高,1.0,1,高,1
mat0335,mat,STU0334,0,10,9,1,高,0.0,0,低,0
mat0336,mat,STU0335,15,16,15,0,低,0.0,0,低,1
mat0337,mat,STU0336,13,14,13,0,低,1.0,1,高,0
mat0338,mat,STU0337,0,7,8,1,高,1.0,1,高,1
mat0339,mat,STU0338,17,16,15,0,低,0.0,0,低,1
mat0340,mat,STU0339,10,9,10,0,中,1.0,1,高,0
mat0341,mat,STU0340,11,11,12,0,低,1.0,1,高,0
mat0342,mat,STU0341,0,10,10,1,高,0.0,0,低,0
mat0343,mat,STU0342,15,16,15,0,低,0.0,0,低,1
mat0344,mat,STU0343,0,9,8,1,高,0.0,0,低,0
mat0345,mat,STU0344,10,11,10,0,中,1.0,1,高,0
mat0346,mat,STU0345,14,13,13,0,低,0.0,0,低,1
mat0347,mat,STU0346,16,16,15,0,低,0.0,0,低,1
mat0348,mat,STU0347,9,10,10,1,中,0.0,0,低,0
mat0349,mat,STU0348,15,13,15,0,低,0.0,0,低,1
mat0350,mat,STU0349,13,11,13,0,低,0.0,0,低,1
mat0351,mat,STU0350,8,8,7,1,中,1.0,1,高,1
mat0352,mat,STU0351,13,13,13,0,低,0.0,0,低,1
mat0353,mat,STU0352,8,8,7,1,中,1.0,1,高,1
mat0354,mat,STU0353,8,8,8,1,中,0.0,0,低,0
mat0355,mat,STU0354,11,13,11,0,低,0.0,0,低,1
mat0356,mat,STU0355,9,10,9,1,中,0.0,0,低,0
mat0357,mat,STU0356,13,12,13,0,低,1.0,1,高,0
mat0358,mat,STU0357,11,12,12,0,低,0.0,0,低,1
mat0359,mat,STU0358,10,10,10,0,中,0.0,0,低,1
mat0360,mat,STU0359,16,18,16,0,低,0.0,0,低,1
mat0361,mat,STU0360,13,13,13,0,低,0.0,0,低,1
mat0362,mat,STU0361,12,13,12,0,低,0.0,0,低,1
mat0363,mat,STU0362,10,11,11,0,中,0.0,0,低,1
mat0364,mat,STU0363,15,16,15,0,低,0.0,0,低,1
mat0365,mat,STU0364,12,12,11,0,低,0.0,0,低,1
mat0366,mat,STU0365,10,10,10,0,中,0.0,0,低,1
mat0367,mat,STU0366,13,13,13,0,低,0.0,0,低,1
mat0368,mat,STU0367,0,7,6,1,高,1.0,1,高,1
mat0369,mat,STU0368,10,11,10,0,中,0.0,0,低,1
mat0370,mat,STU0369,11,14,12,0,低,0.0,0,低,1
mat0371,mat,STU0370,9,7,7,1,中,1.0,1,高,1
mat0372,mat,STU0371,12,14,12,0,低,0.0,0,低,1
mat0373,mat,STU0372,11,13,11,0,低,0.0,0,低,1
mat0374,mat,STU0373,5,6,5,1,高,0.0,0,低,0
mat0375,mat,STU0374,19,19,18,0,低,0.0,0,低,1
mat0376,mat,STU0375,10,8,8,0,中,0.0,0,低,1
mat0377,mat,STU0376,15,15,14,0,低,1.0,1,高,0
mat0378,mat,STU0377,10,8,9,0,中,1.0,1,高,0
mat0379,mat,STU0378,15,15,15,0,低,1.0,1,高,0
mat0380,mat,STU0379,10,10,10,0,中,0.0,0,低,1
mat0381,mat,STU0380,14,15,14,0,低,0.0,0,低,1
mat0382,mat,STU0381,7,7,6,1,高,0.0,0,低,0
mat0383,mat,STU0382,10,11,11,0,中,0.0,0,低,1
mat0384,mat,STU0383,0,6,5,1,高,0.0,0,低,0
mat0385,mat,STU0384,5,6,5,1,高,0.0,0,低,0
mat0386,mat,STU0385,10,10,9,0,中,1.0,1,高,0
mat0387,mat,STU0386,6,6,5,1,高,1.0,1,高,1
mat0388,mat,STU0387,0,7,5,1,高,0.0,0,低,0
mat0389,mat,STU0388,8,7,9,1,中,0.0,0,低,0
mat0390,mat,STU0389,0,6,5,1,高,1.0,1,高,1
mat0391,mat,STU0390,9,9,9,1,中,0.0,0,低,0
mat0392,mat,STU0391,16,14,16,0,低,0.0,0,低,1
mat0393,mat,STU0392,7,10,8,1,高,1.0,1,高,1
mat0394,mat,STU0393,10,11,12,0,中,0.0,0,低,1
mat0395,mat,STU0394,9,8,9,1,中,0.0,0,低,0
por0001,por,STU0001,11,0,11,0,低,1.0,1,高,0
por0002,por,STU0002,11,9,11,0,低,0.0,0,低,1
por0003,por,STU0003,12,12,13,0,低,1.0,1,高,0
por0004,por,STU0004,14,14,14,0,低,0.0,0,低,1
por0005,por,STU0005,13,11,13,0,低,0.0,0,低,1
por0006,por,STU0006,13,12,12,0,低,0.0,0,低,1
por0007,por,STU0007,13,13,12,0,低,1.0,1,高,0
por0008,por,STU0008,13,10,13,0,低,0.0,0,低,1
por0009,por,STU0009,17,15,16,0,低,0.0,0,低,1
por0010,por,STU0010,13,12,12,0,低,0.0,0,低,1
por0011,por,STU0011,14,14,14,0,低,0.0,0,低,1
por0012,por,STU0012,13,10,12,0,低,0.0,0,低,1
por0013,por,STU0013,12,12,13,0,低,0.0,0,低,1
por0014,por,STU0014,13,12,12,0,低,0.0,0,低,1
por0015,por,STU0015,15,14,14,0,低,0.0,0,低,1
por0016,por,STU0016,17,17,17,0,低,0.0,0,低,1
por0017,por,STU0017,14,13,13,0,低,0.0,0,低,1
por0018,por,STU0018,14,13,14,0,低,0.0,0,低,1
por0019,por,STU0019,7,8,8,1,高,1.0,1,高,1
por0020,por,STU0020,12,12,12,0,低,0.0,0,低,1
por0021,por,STU0021,14,12,13,0,低,0.0,0,低,1
por0022,por,STU0022,12,11,12,0,低,0.0,0,低,1
por0023,por,STU0023,14,12,13,0,低,0.0,0,低,1
por0024,por,STU0024,10,10,10,0,中,0.0,0,低,1
por0025,por,STU0025,10,10,11,0,中,0.0,0,低,1
por0026,por,STU0026,12,10,11,0,低,0.0,0,低,1
por0027,por,STU0027,12,11,12,0,低,0.0,0,低,1
por0028,por,STU0028,11,11,11,0,低,0.0,0,低,1
por0029,por,STU0029,13,12,12,0,低,0.0,0,低,1
por0030,por,STU0030,12,12,11,0,低,0.0,0,低,1
por0031,por,STU0031,11,10,11,0,低,0.0,0,低,1
por0032,por,STU0032,15,15,15,0,低,0.0,0,低,1
por0033,por,STU0033,15,13,14,0,低,1.0,1,高,0
por0034,por,STU0034,12,13,12,0,低,0.0,0,低,1
por0035,por,STU0035,12,12,12,0,低,0.0,0,低,1
por0036,por,STU0036,11,11,11,0,低,0.0,0,低,1
por0037,por,STU0037,14,14,14,0,低,0.0,0,低,1
por0038,por,STU0038,13,13,13,0,低,0.0,0,低,1
por0039,por,STU0039,12,11,12,0,低,0.0,0,低,1
por0040,por,STU0040,12,14,13,0,低,0.0,0,低,1
por0041,por,STU0041,10,11,11,0,中,0.0,0,低,1
por0042,por,STU0042,11,10,11,0,低,0.0,0,低,1
por0043,por,STU0043,15,14,15,0,低,0.0,0,低,1
por0044,por,STU0044,10,9,10,0,中,0.0,0,低,1
por0045,por,STU0045,11,10,11,0,低,1.0,1,高,0
por0046,por,STU0046,11,10,11,0,低,0.0,0,低,1
por0047,por,STU0047,13,13,12,0,低,0.0,0,低,1
por0048,por,STU0048,17,17,17,0,低,0.0,0,低,1
por0049,por,STU0049,13,11,12,0,低,0.0,0,低,1
por0050,por,STU0050,12,13,12,0,低,0.0,0,低,1
por0051,por,STU0051,13,14,13,0,低,0.0,0,低,1
por0052,por,STU0052,16,16,14,0,低,0.0,0,低,1
por0053,por,STU0053,9,10,9,1,中,0.0,0,低,0
por0054,por,STU0054,12,13,12,0,低,0.0,0,低,1
por0055,por,STU0055,13,13,12,0,低,0.0,0,低,1
por0056,por,STU0056,12,12,13,0,低,0.0,0,低,1
por0057,por,STU0057,15,15,14,0,低,0.0,0,低,1
por0058,por,STU0058,16,15,15,0,低,0.0,0,低,1
por0059,por,STU0059,14,14,13,0,低,1.0,1,高,0
por0060,por,STU0060,16,16,15,0,低,1.0,1,高,0
por0061,por,STU0061,16,17,16,0,低,0.0,0,低,1
por0062,por,STU0062,16,10,10,0,低,0.0,0,低,1
por0063,por,STU0063,10,13,13,0,中,0.0,0,低,1
por0064,por,STU0064,13,14,13,0,低,0.0,0,低,1
por0065,por,STU0065,12,13,12,0,低,0.0,0,低,1
por0066,por,STU0066,16,16,15,0,低,0.0,0,低,1
por0067,por,STU0067,12,11,12,0,低,0.0,0,低,1
por0068,por,STU0068,10,10,9,0,中,0.0,0,低,1
por0069,por,STU0069,11,11,10,0,低,0.0,0,低,1
por0070,por,STU0070,15,15,15,0,低,0.0,0,低,1
por0071,por,STU0071,11,13,11,0,低,0.0,0,低,1
por0072,por,STU0072,10,11,9,0,中,0.0,0,低,1
por0073,por,STU0073,11,13,11,0,低,0.0,0,低,1
por0074,por,STU0074,14,13,13,0,低,0.0,0,低,1
por0075,por,STU0075,11,11,11,0,低,0.0,0,低,1
por0076,por,STU0076,11,11,11,0,低,0.0,0,低,1
por0077,por,STU0077,11,12,11,0,低,0.0,0,低,1
por0078,por,STU0078,13,13,13,0,低,0.0,0,低,1
por0079,por,STU0079,10,9,9,0,中,1.0,1,高,0
por0080,por,STU0080,11,12,11,0,低,0.0,0,低,1
por0081,por,STU0081,12,11,11,0,低,0.0,0,低,1
por0082,por,STU0082,9,10,9,1,中,0.0,0,低,0
por0083,por,STU0083,11,12,11,0,低,0.0,0,低,1
por0084,por,STU0084,13,13,12,0,低,0.0,0,低,1
por0085,por,STU0085,12,13,12,0,低,0.0,0,低,1
por0086,por,STU0086,12,12,11,0,低,0.0,0,低,1
por0087,por,STU0087,11,13,11,0,低,0.0,0,低,1
por0088,por,STU0088,15,15,15,0,低,0.0,0,低,1
por0089,por,STU0089,11,12,10,0,低,0.0,0,低,1
por0090,por,STU0090,10,9,9,0,中,0.0,0,低,1
por0091,por,STU0091,11,9,11,0,低,0.0,0,低,1
por0092,por,STU0092,13,14,13,0,低,0.0,0,低,1
por0093,por,STU0093,12,12,13,0,低,0.0,0,低,1
por0094,por,STU0094,14,13,14,0,低,0.0,0,低,1
por0095,por,STU0095,12,11,12,0,低,0.0,0,低,1
por0096,por,STU0096,13,13,13,0,低,1.0,1,高,0
por0097,por,STU0097,11,9,11,0,低,0.0,0,低,1
por0098,por,STU0098,12,13,12,0,低,0.0,0,低,1
por0099,por,STU0099,13,12,13,0,低,0.0,0,低,1
por0100,por,STU0100,13,12,13,0,低,0.0,0,低,1
por0101,por,STU0101,8,9,9,1,中,0.0,0,低,0
por0102,por,STU0102,16,16,16,0,低,0.0,0,低,1
por0103,por,STU0103,12,12,13,0,低,0.0,0,低,1
por0104,por,STU0104,10,11,10,0,中,0.0,0,低,1
por0105,por,STU0105,16,16,16,0,低,0.0,0,低,1
por0106,por,STU0106,10,10,10,0,中,0.0,0,低,1
por0107,por,STU0107,10,10,10,0,中,0.0,0,低,1
por0108,por,STU0108,14,13,14,0,低,0.0,0,低,1
por0109,por,STU0109,11,12,10,0,低,0.0,0,低,1
por0110,por,STU0110,14,15,15,0,低,1.0,1,高,0
por0111,por,STU0111,14,13,14,0,低,0.0,0,低,1
por0112,por,STU0112,11,11,11,0,低,0.0,0,低,1
por0113,por,STU0113,10,8,10,0,中,0.0,0,低,1
por0114,por,STU0114,18,18,17,0,低,0.0,0,低,1
por0115,por,STU0115,10,10,9,0,中,0.0,0,低,1
por0116,por,STU0116,14,16,14,0,低,0.0,0,低,1
por0117,por,STU0117,16,16,15,0,低,0.0,0,低,1
por0118,por,STU0118,15,14,14,0,低,0.0,0,低,1
por0119,por,STU0119,11,12,11,0,低,0.0,0,低,1
por0120,por,STU0120,14,14,13,0,低,1.0,1,高,0
por0121,por,STU0121,14,14,14,0,低,0.0,0,低,1
por0122,por,STU0122,13,14,13,0,低,0.0,0,低,1
por0123,por,STU0123,13,14,12,0,低,0.0,0,低,1
por0124,por,STU0124,13,12,13,0,低,0.0,0,低,1
por0125,por,STU0125,11,12,11,0,低,0.0,0,低,1
por0126,por,STU0126,9,9,9,1,中,0.0,0,低,0
por0127,por,STU0127,11,10,11,0,低,0.0,0,低,1
por0128,por,STU0128,11,9,10,0,低,1.0,1,高,0
por0129,por,STU0130,15,14,14,0,低,0.0,0,低,1
por0130,por,STU0395,13,13,12,0,低,0.0,0,低,1
por0131,por,STU0131,12,10,11,0,低,0.0,0,低,1
por0132,por,STU0396,8,10,9,1,中,1.0,1,高,1
por0133,por,STU0397,11,11,10,0,低,0.0,0,低,1
por0134,por,STU0132,13,11,12,0,低,0.0,0,低,1
por0135,por,STU0133,12,13,12,0,低,0.0,0,低,1
por0136,por,STU0134,14,15,13,0,低,0.0,0,低,1
por0137,por,STU0398,11,9,9,0,低,0.0,0,低,1
por0138,por,STU0399,11,13,11,0,低,0.0,0,低,1
por0139,por,STU0135,11,12,11,0,低,0.0,0,低,1
por0140,por,STU0136,15,13,14,0,低,0.0,0,低,1
por0141,por,STU0137,10,10,9,0,中,0.0,0,低,1
por0142,por,STU0400,13,14,13,0,低,0.0,0,低,1
por0143,por,STU0401,12,11,11,0,低,0.0,0,低,1
por0144,por,STU0402,11,12,11,0,低,0.0,0,低,1
por0145,por,STU0403,11,12,11,0,低,0.0,0,低,1
por0146,por,STU0138,10,9,9,0,中,0.0,0,低,1
por0147,por,STU0139,10,10,10,0,中,1.0,1,高,0
por0148,por,STU0140,14,13,14,0,低,0.0,0,低,1
por0149,por,STU0404,9,8,9,1,中,1.0,1,高,1
por0150,por,STU0141,11,9,11,0,低,0.0,0,低,1
por0151,por,STU0405,9,9,8,1,中,0.0,0,低,0
por0152,por,STU0243,13,15,13,0,低,0.0,0,低,1
por0153,por,STU0142,11,12,11,0,低,0.0,0,低,1
por0154,por,STU0143,13,13,13,0,低,0.0,0,低,1
por0155,por,STU0144,11,10,11,0,低,0.0,0,低,1
por0156,por,STU0079,6,9,7,1,高,0.0,0,低,0
por0157,por,STU0145,12,12,12,0,低,0.0,0,低,1
por0158,por,STU0406,10,11,10,0,中,0.0,0,低,1
por0159,por,STU0146,11,11,11,0,低,0.0,0,低,1
por0160,por,STU0147,13,13,12,0,低,1.0,1,高,0
por0161,por,STU0407,11,11,11,0,低,0.0,0,低,1
por0162,por,STU0148,8,9,9,1,中,1.0,1,高,1
por0163,por,STU0149,11,12,11,0,低,0.0,0,低,1
por0164,por,STU0150,0,11,9,1,高,1.0,1,高,1
por0165,por,STU0151,10,9,10,0,中,1.0,1,高,0
por0166,por,STU0152,13,13,13,0,低,0.0,0,低,1
por0167,por,STU0153,11,11,9,0,低,0.0,0,低,1
por0168,por,STU0154,13,13,13,0,低,0.0,0,低,1
por0169,por,STU0155,8,7,8,1,中,0.0,0,低,0
por0170,por,STU0156,10,9,8,0,中,1.0,1,高,0
por0171,por,STU0157,11,11,10,0,低,0.0,0,低,1
por0172,por,STU0158,11,12,10,0,低,0.0,0,低,1
por0173,por,STU0159,1,10,10,1,高,0.0,0,低,0
por0174,por,STU0408,10,9,8,0,中,0.0,0,低,1
por0175,por,STU0160,9,8,8,1,中,1.0,1,高,1
por0176,por,STU0409,8,7,6,1,中,1.0,1,高,1
por0177,por,STU0410,10,8,9,0,中,1.0,1,高,0
por0178,por,STU0411,8,9,8,1,中,0.0,0,低,0
por0179,por,STU0164,8,8,8,1,中,0.0,0,低,0
por0180,por,STU0412,8,8,7,1,中,0.0,0,低,0
por0181,por,STU0166,11,9,10,0,低,1.0,1,高,0
por0182,por,STU0167,18,17,17,0,低,0.0,0,低,1
por0183,por,STU0168,13,12,12,0,低,0.0,0,低,1
por0184,por,STU0169,17,16,16,0,低,1.0,1,高,0
por0185,por,STU0170,10,9,9,0,中,0.0,0,低,1
por0186,por,STU0171,18,16,17,0,低,0.0,0,低,1
por0187,por,STU0172,10,11,9,0,中,0.0,0,低,1
por0188,por,STU0173,13,14,13,0,低,0.0,0,低,1
por0189,por,STU0174,15,14,14,0,低,0.0,0,低,1
por0190,por,STU0175,11,10,11,0,低,0.0,0,低,1
por0191,por,STU0176,14,13,12,0,低,0.0,0,低,1
por0192,por,STU0177,10,11,9,0,中,0.0,0,低,1
por0193,por,STU0178,11,10,9,0,低,0.0,0,低,1
por0194,por,STU0179,13,11,11,0,低,1.0,1,高,0
por0195,por,STU0180,11,11,10,0,低,0.0,0,低,1
por0196,por,STU0181,13,11,12,0,低,0.0,0,低,1
por0197,por,STU0182,17,17,18,0,低,0.0,0,低,1
por0198,por,STU0183,14,14,13,0,低,0.0,0,低,1
por0199,por,STU0184,16,14,15,0,低,0.0,0,低,1
por0200,por,STU0185,14,11,13,0,低,0.0,0,低,1
por0201,por,STU0186,11,10,9,0,低,0.0,0,低,1
por0202,por,STU0187,16,13,14,0,低,0.0,0,低,1
por0203,por,STU0188,14,12,13,0,低,0.0,0,低,1
por0204,por,STU0189,10,9,9,0,中,0.0,0,低,1
por0205,por,STU0190,13,12,12,0,低,0.0,0,低,1
por0206,por,STU0191,12,12,11,0,低,0.0,0,低,1
por0207,por,STU0192,12,10,11,0,低,0.0,0,低,1
por0208,por,STU0193,10,11,10,0,中,0.0,0,低,1
por0209,por,STU0194,12,13,12,0,低,0.0,0,低,1
por0210,por,STU0195,16,14,15,0,低,0.0,0,低,1
por0211,por,STU0196,14,13,13,0,低,0.0,0,低,1
por0212,por,STU0197,12,10,11,0,低,0.0,0,低,1
por0213,por,STU0198,16,14,15,0,低,0.0,0,低,1
por0214,por,STU0199,11,11,10,0,低,0.0,0,低,1
por0215,por,STU0200,15,14,14,0,低,0.0,0,低,1
por0216,por,STU0201,12,11,12,0,低,0.0,0,低,1
por0217,por,STU0202,15,14,15,0,低,0.0,0,低,1
por0218,por,STU0203,13,13,13,0,低,1.0,1,高,0
por0219,por,STU0204,13,13,13,0,低,1.0,1,高,0
por0220,por,STU0205,8,8,9,1,中,1.0,1,高,1
por0221,por,STU0206,12,11,11,0,低,0.0,0,低,1
por0222,por,STU0207,15,14,15,0,低,0.0,0,低,1
por0223,por,STU0208,13,12,13,0,低,0.0,0,低,1
por0224,por,STU0209,12,11,12,0,低,0.0,0,低,1
por0225,por,STU0210,12,12,12,0,低,0.0,0,低,1
por0226,por,STU0211,12,13,12,0,低,0.0,0,低,1
por0227,por,STU0212,13,13,13,0,低,0.0,0,低,1
por0228,por,STU0213,11,12,11,0,低,0.0,0,低,1
por0229,por,STU0214,11,12,11,0,低,0.0,0,低,1
por0230,por,STU0215,15,14,16,0,低,0.0,0,低,1
por0231,por,STU0216,10,11,9,0,中,0.0,0,低,1
por0232,por,STU0217,10,10,10,0,中,0.0,0,低,1
por0233,por,STU0218,13,12,13,0,低,0.0,0,低,1
por0234,por,STU0219,13,12,12,0,低,0.0,0,低,1
por0235,por,STU0220,11,11,10,0,低,0.0,0,低,1
por0236,por,STU0221,12,12,12,0,低,0.0,0,低,1
por0237,por,STU0222,14,13,13,0,低,0.0,0,低,1
por0238,por,STU0223,10,10,9,0,中,1.0,1,高,0
por0239,por,STU0224,16,15,16,0,低,0.0,0,低,1
por0240,por,STU0225,8,8,8,1,中,0.0,0,低,0
por0241,por,STU0226,17,17,18,0,低,0.0,0,低,1
por0242,por,STU0227,11,10,11,0,低,0.0,0,低,1
por0243,por,STU0228,11,9,10,0,低,0.0,0,低,1
por0244,por,STU0229,16,15,15,0,低,0.0,0,低,1
por0245,por,STU0230,12,14,12,0,低,0.0,0,低,1
por0246,por,STU0231,13,12,13,0,低,0.0,0,低,1
por0247,por,STU0232,13,13,13,0,低,0.0,0,低,1
por0248,por,STU0233,14,13,13,0,低,0.0,0,低,1
por0249,por,STU0234,9,9,9,1,中,0.0,0,低,0
por0250,por,STU0235,12,12,12,0,低,0.0,0,低,1
por0251,por,STU0236,16,16,16,0,低,0.0,0,低,1
por0252,por,STU0237,10,9,10,0,中,0.0,0,低,1
por0253,por,STU0413,13,14,13,0,低,0.0,0,低,1
por0254,por,STU0414,10,10,10,0,中,0.0,0,低,1
por0255,por,STU0415,10,9,8,0,中,0.0,0,低,1
por0256,por,STU0416,7,8,7,1,高,0.0,0,低,0
por0257,por,STU0417,8,7,8,1,中,0.0,0,低,0
por0258,por,STU0418,9,10,8,1,中,0.0,0,低,0
por0259,por,STU0419,15,14,14,0,低,0.0,0,低,1
por0260,por,STU0420,10,11,10,0,中,0.0,0,低,1
por0261,por,STU0421,11,12,11,0,低,0.0,0,低,1
por0262,por,STU0238,13,13,13,0,低,0.0,0,低,1
por0263,por,STU0422,8,9,9,1,中,1.0,1,高,1
por0264,por,STU0239,8,8,7,1,中,0.0,0,低,0
por0265,por,STU0423,10,11,9,0,中,1.0,1,高,0
por0266,por,STU0424,15,15,14,0,低,0.0,0,低,1
por0267,por,STU0425,14,15,14,0,低,0.0,0,低,1
por0268,por,STU0240,15,15,15,0,低,0.0,0,低,1
por0269,por,STU0241,12,12,12,0,低,0.0,0,低,1
por0270,por,STU0242,15,14,14,0,低,0.0,0,低,1
por0271,por,STU0243,15,14,15,0,低,0.0,0,低,1
por0272,por,STU0426,12,11,11,0,低,1.0,1,高,0
por0273,por,STU0427,15,13,14,0,低,0.0,0,低,1
por0274,por,STU0428,11,11,11,0,低,0.0,0,低,1
por0275,por,STU0429,10,10,9,0,中,0.0,0,低,1
por0276,por,STU0244,11,12,10,0,低,1.0,1,高,0
por0277,por,STU0245,16,15,16,0,低,0.0,0,低,1
por0278,por,STU0430,11,11,10,0,低,0.0,0,低,1
por0279,por,STU0246,13,9,12,0,低,0.0,0,低,1
por0280,por,STU0247,5,7,8,1,高,1.0,1,高,1
por0281,por,STU0248,10,10,9,0,中,0.0,0,低,1
por0282,por,STU0249,11,11,12,0,低,0.0,0,低,1
por0283,por,STU0250,7,7,8,1,高,0.0,0,低,0
por0284,por,STU0251,10,9,11,0,中,0.0,0,低,1
por0285,por,STU0252,6,7,8,1,高,1.0,1,高,1
por0286,por,STU0253,12,14,13,0,低,0.0,0,低,1
por0287,por,STU0254,13,12,12,0,低,0.0,0,低,1
por0288,por,STU0255,10,9,10,0,中,0.0,0,低,1
por0289,por,STU0431,13,12,12,0,低,0.0,0,低,1
por0290,por,STU0256,17,14,15,0,低,0.0,0,低,1
por0291,por,STU0432,11,10,10,0,低,1.0,1,高,0
por0292,por,STU0433,11,11,10,0,低,1.0,1,高,0
por0293,por,STU0434,14,11,12,0,低,0.0,0,低,1
por0294,por,STU0435,14,11,12,0,低,0.0,0,低,1
por0295,por,STU0436,13,11,11,0,低,0.0,0,低,1
por0296,por,STU0257,14,11,13,0,低,0.0,0,低,1
por0297,por,STU0258,16,16,16,0,低,0.0,0,低,1
por0298,por,STU0437,10,9,10,0,中,0.0,0,低,1
por0299,por,STU0259,12,10,11,0,低,0.0,0,低,1
por0300,por,STU0438,12,10,12,0,低,0.0,0,低,1
por0301,por,STU0260,15,15,15,0,低,0.0,0,低,1
por0302,por,STU0261,11,10,10,0,低,0.0,0,低,1
por0303,por,STU0262,12,10,11,0,低,0.0,0,低,1
por0304,por,STU0263,13,15,12,0,低,0.0,0,低,1
por0305,por,STU0264,13,11,12,0,低,1.0,1,高,0
por0306,por,STU0439,9,8,8,1,中,0.0,0,低,0
por0307,por,STU0265,16,15,16,0,低,0.0,0,低,1
por0308,por,STU0266,14,11,11,0,低,0.0,0,低,1
por0309,por,STU0267,12,10,11,0,低,0.0,0,低,1
por0310,por,STU0268,14,10,12,0,低,0.0,0,低,1
por0311,por,STU0269,10,8,9,0,中,1.0,1,高,0
por0312,por,STU0270,12,11,12,0,低,0.0,0,低,1
por0313,por,STU0271,16,16,16,0,低,0.0,0,低,1
por0314,por,STU0272,13,13,13,0,低,0.0,0,低,1
por0315,por,STU0273,18,16,17,0,低,0.0,0,低,1
por0316,por,STU0440,15,14,14,0,低,0.0,0,低,1
por0317,por,STU0274,16,15,16,0,低,0.0,0,低,1
por0318,por,STU0275,12,12,12,0,低,0.0,0,低,1
por0319,por,STU0276,10,12,9,0,中,0.0,0,低,1
por0320,por,STU0277,12,11,12,0,低,0.0,0,低,1
por0321,por,STU0278,13,14,12,0,低,0.0,0,低,1
por0322,por,STU0441,15,13,15,0,低,0.0,0,低,1
por0323,por,STU0442,10,9,8,0,中,1.0,1,高,0
por0324,por,STU0279,10,10,10,0,中,0.0,0,低,1
por0325,por,STU0443,11,10,10,0,低,1.0,1,高,0
por0326,por,STU0280,10,11,11,0,中,0.0,0,低,1
por0327,por,STU0281,13,13,13,0,低,0.0,0,低,1
por0328,por,STU0282,18,17,17,0,低,1.0,1,高,0
por0329,por,STU0283,13,12,13,0,低,0.0,0,低,1
por0330,por,STU0284,14,12,12,0,低,0.0,0,低,1
por0331,por,STU0444,14,12,13,0,低,1.0,1,高,0
por0332,por,STU0285,12,12,12,0,低,0.0,0,低,1
por0333,por,STU0286,18,18,18,0,低,0.0,0,低,1
por0334,por,STU0287,14,13,13,0,低,0.0,0,低,1
por0335,por,STU0288,15,14,15,0,低,0.0,0,低,1
por0336,por,STU0289,17,17,17,0,低,0.0,0,低,1
por0337,por,STU0290,16,15,16,0,低,0.0,0,低,1
por0338,por,STU0291,18,17,18,0,低,0.0,0,低,1
por0339,por,STU0293,19,18,19,0,低,0.0,0,低,1
por0340,por,STU0294,15,14,15,0,低,0.0,0,低,1
por0341,por,STU0295,15,14,15,0,低,0.0,0,低,1
por0342,por,STU0296,13,14,13,0,低,0.0,0,低,1
por0343,por,STU0297,14,13,14,0,低,1.0,1,高,0
por0344,por,STU0298,17,16,17,0,低,0.0,0,低,1
por0345,por,STU0299,17,18,18,0,低,0.0,0,低,1
por0346,por,STU0300,15,14,15,0,低,0.0,0,低,1
por0347,por,STU0301,13,12,13,0,低,0.0,0,低,1
por0348,por,STU0445,8,7,7,1,中,0.0,0,低,0
por0349,por,STU0302,16,16,16,0,低,0.0,0,低,1
por0350,por,STU0303,18,18,18,0,低,0.0,0,低,1
por0351,por,STU0446,11,9,10,0,低,0.0,0,低,1
por0352,por,STU0306,15,14,15,0,低,0.0,0,低,1
por0353,por,STU0308,11,10,10,0,低,1.0,1,高,0
por0354,por,STU0447,11,10,10,0,低,0.0,0,低,1
por0355,por,STU0316,15,12,12,0,低,0.0,0,低,1
por0356,por,STU0448,14,11,12,0,低,0.0,0,低,1
por0357,por,STU0449,17,15,16,0,低,0.0,0,低,1
por0358,por,STU0317,17,14,15,0,低,0.0,0,低,1
por0359,por,STU0450,15,12,12,0,低,0.0,0,低,1
por0360,por,STU0318,17,15,15,0,低,0.0,0,低,1
por0361,por,STU0451,14,11,12,0,低,0.0,0,低,1
por0362,por,STU0452,10,11,10,0,中,0.0,0,低,1
por0363,por,STU0319,13,12,11,0,低,0.0,0,低,1
por0364,por,STU0453,14,11,12,0,低,0.0,0,低,1
por0365,por,STU0454,17,14,15,0,低,0.0,0,低,1
por0366,por,STU0320,17,15,14,0,低,0.0,0,低,1
por0367,por,STU0455,13,12,12,0,低,0.0,0,低,1
por0368,por,STU0456,14,11,12,0,低,0.0,0,低,1
por0369,por,STU0457,11,8,9,0,低,0.0,0,低,1
por0370,por,STU0458,11,10,10,0,低,0.0,0,低,1
por0371,por,STU0459,9,8,8,1,中,1.0,1,高,1
por0372,por,STU0460,10,10,10,0,中,0.0,0,低,1
por0373,por,STU0321,13,14,13,0,低,0.0,0,低,1
por0374,por,STU0322,10,11,11,0,中,1.0,1,高,0
por0375,por,STU0323,17,17,18,0,低,0.0,0,低,1
por0376,por,STU0324,15,14,14,0,低,0.0,0,低,1
por0377,por,STU0283,14,14,14,0,低,0.0,0,低,1
por0378,por,STU0325,13,13,14,0,低,0.0,0,低,1
por0379,por,STU0326,17,17,18,0,低,1.0,1,高,0
por0380,por,STU0327,10,11,10,0,中,0.0,0,低,1
por0381,por,STU0328,13,13,12,0,低,0.0,0,低,1
por0382,por,STU0329,15,15,14,0,低,1.0,1,高,0
por0383,por,STU0461,11,11,12,0,低,0.0,0,低,1
por0384,por,STU0330,12,11,11,0,低,0.0,0,低,1
por0385,por,STU0462,10,11,10,0,中,1.0,1,高,0
por0386,por,STU0463,10,10,9,0,中,1.0,1,高,0
por0387,por,STU0331,15,15,15,0,低,0.0,0,低,1
por0388,por,STU0464,15,15,14,0,低,0.0,0,低,1
por0389,por,STU0332,12,10,11,0,低,0.0,0,低,1
por0390,por,STU0333,12,10,9,0,低,1.0,1,高,0
por0391,por,STU0334,14,14,13,0,低,0.0,0,低,1
por0392,por,STU0335,14,11,13,0,低,0.0,0,低,1
por0393,por,STU0337,15,12,13,0,低,0.0,0,低,1
por0394,por,STU0338,15,14,14,0,低,0.0,0,低,1
por0395,por,STU0339,16,14,14,0,低,0.0,0,低,1
por0396,por,STU0341,13,12,12,0,低,0.0,0,低,1
por0397,por,STU0342,17,16,16,0,低,0.0,0,低,1
por0398,por,STU0343,14,10,12,0,低,0.0,0,低,1
por0399,por,STU0344,14,11,12,0,低,0.0,0,低,1
por0400,por,STU0345,17,14,16,0,低,0.0,0,低,1
por0401,por,STU0346,17,15,14,0,低,0.0,0,低,1
por0402,por,STU0347,14,14,13,0,低,0.0,0,低,1
por0403,por,STU0348,13,11,12,0,低,0.0,0,低,1
por0404,por,STU0465,15,12,15,0,低,0.0,0,低,1
por0405,por,STU0466,16,12,16,0,低,0.0,0,低,1
por0406,por,STU0467,11,10,11,0,低,0.0,0,低,1
por0407,por,STU0468,13,10,13,0,低,1.0,1,高,0
por0408,por,STU0469,12,9,12,0,低,1.0,1,高,0
por0409,por,STU0470,12,9,11,0,低,0.0,0,低,1
por0410,por,STU0471,15,13,14,0,低,0.0,0,低,1
por0411,por,STU0472,17,13,17,0,低,0.0,0,低,1
por0412,por,STU0473,15,12,15,0,低,0.0,0,低,1
por0413,por,STU0474,17,14,17,0,低,0.0,0,低,1
por0414,por,STU0475,10,9,10,0,中,0.0,0,低,1
por0415,por,STU0476,15,11,15,0,低,1.0,1,高,0
por0416,por,STU0477,11,9,10,0,低,0.0,0,低,1
por0417,por,STU0478,18,16,18,0,低,0.0,0,低,1
por0418,por,STU0479,17,14,17,0,低,0.0,0,低,1
por0419,por,STU0480,14,13,14,0,低,0.0,0,低,1
por0420,por,STU0481,11,7,11,0,低,0.0,0,低,1
por0421,por,STU0482,17,14,17,0,低,0.0,0,低,1
por0422,por,STU0483,10,8,10,0,中,0.0,0,低,1
por0423,por,STU0484,13,10,13,0,低,0.0,0,低,1
por0424,por,STU0485,11,10,11,0,低,0.0,0,低,1
por0425,por,STU0486,12,12,12,0,低,0.0,0,低,1
por0426,por,STU0487,10,10,10,0,中,1.0,1,高,0
por0427,por,STU0488,11,10,10,0,低,0.0,0,低,1
por0428,por,STU0489,17,16,17,0,低,0.0,0,低,1
por0429,por,STU0490,9,6,8,1,中,1.0,1,高,1
por0430,por,STU0491,11,10,11,0,低,0.0,0,低,1
por0431,por,STU0492,11,10,11,0,低,0.0,0,低,1
por0432,por,STU0493,10,10,10,0,中,1.0,1,高,0
por0433,por,STU0494,7,6,6,1,高,1.0,1,高,1
por0434,por,STU0495,14,13,14,0,低,0.0,0,低,1
por0435,por,STU0496,11,10,9,0,低,0.0,0,低,1
por0436,por,STU0497,10,10,10,0,中,0.0,0,低,1
por0437,por,STU0498,8,6,7,1,中,0.0,0,低,0
por0438,por,STU0499,12,12,11,0,低,0.0,0,低,1
por0439,por,STU0500,12,10,11,0,低,0.0,0,低,1
por0440,por,STU0501,16,14,16,0,低,0.0,0,低,1
por0441,por,STU0502,0,7,0,1,高,0.0,0,低,0
por0442,por,STU0503,9,8,9,1,中,0.0,0,低,0
por0443,por,STU0504,14,12,13,0,低,0.0,0,低,1
por0444,por,STU0504,8,7,9,1,中,0.0,0,低,0
por0445,por,STU0505,11,9,10,0,低,1.0,1,高,0
por0446,por,STU0506,9,7,9,1,中,0.0,0,低,0
por0447,por,STU0507,11,11,11,0,低,0.0,0,低,1
por0448,por,STU0508,9,8,10,1,中,0.0,0,低,0
por0449,por,STU0509,17,16,16,0,低,0.0,0,低,1
por0450,por,STU0510,13,11,13,0,低,0.0,0,低,1
por0451,por,STU0511,15,15,15,0,低,0.0,0,低,1
por0452,por,STU0512,11,10,11,0,低,0.0,0,低,1
por0453,por,STU0486,11,9,10,0,低,0.0,0,低,1
por0454,por,STU0513,8,10,8,1,中,1.0,1,高,1
por0455,por,STU0513,8,9,8,1,中,1.0,1,高,1
por0456,por,STU0514,9,9,10,1,中,0.0,0,低,0
por0457,por,STU0515,15,13,14,0,低,0.0,0,低,1
por0458,por,STU0516,11,10,11,0,低,1.0,1,高,0
por0459,por,STU0517,13,13,10,0,低,0.0,0,低,1
por0460,por,STU0518,10,10,9,0,中,0.0,0,低,1
por0461,por,STU0519,11,11,10,0,低,0.0,0,低,1
por0462,por,STU0520,14,13,12,0,低,0.0,0,低,1
por0463,por,STU0521,14,13,14,0,低,0.0,0,低,1
por0464,por,STU0522,12,14,11,0,低,0.0,0,低,1
por0465,por,STU0523,11,11,11,0,低,1.0,1,高,0
por0466,por,STU0524,8,9,8,1,中,0.0,0,低,0
por0467,por,STU0525,11,10,9,0,低,0.0,0,低,1
por0468,por,STU0526,14,14,13,0,低,0.0,0,低,1
por0469,por,STU0527,13,13,12,0,低,0.0,0,低,1
por0470,por,STU0528,13,13,12,0,低,0.0,0,低,1
por0471,por,STU0529,12,13,12,0,低,0.0,0,低,1
por0472,por,STU0530,12,12,11,0,低,0.0,0,低,1
por0473,por,STU0531,16,14,14,0,低,1.0,1,高,0
por0474,por,STU0532,10,10,8,0,中,1.0,1,高,0
por0475,por,STU0533,11,10,11,0,低,1.0,1,高,0
por0476,por,STU0534,14,12,13,0,低,0.0,0,低,1
por0477,por,STU0535,8,10,8,1,中,0.0,0,低,0
por0478,por,STU0536,11,12,10,0,低,1.0,1,高,0
por0479,por,STU0537,8,7,7,1,中,0.0,0,低,0
por0480,por,STU0538,10,9,9,0,中,0.0,0,低,1
por0481,por,STU0539,10,9,9,0,中,1.0,1,高,0
por0482,por,STU0540,11,9,10,0,低,1.0,1,高,0
por0483,por,STU0541,9,9,10,1,中,0.0,0,低,0
por0484,por,STU0542,11,9,10,0,低,0.0,0,低,1
por0485,por,STU0543,8,7,7,1,中,0.0,0,低,0
por0486,por,STU0544,11,11,10,0,低,0.0,0,低,1
por0487,por,STU0545,10,9,10,0,中,0.0,0,低,1
por0488,por,STU0546,10,7,9,0,中,1.0,1,高,0
por0489,por,STU0547,9,7,9,1,中,0.0,0,低,0
por0490,por,STU0548,10,8,9,0,中,0.0,0,低,1
por0491,por,STU0549,10,9,11,0,中,0.0,0,低,1
por0492,por,STU0550,9,7,8,1,中,1.0,1,高,1
por0493,por,STU0551,10,8,10,0,中,1.0,1,高,0
por0494,por,STU0552,10,9,9,0,中,0.0,0,低,1
por0495,por,STU0553,9,8,9,1,中,1.0,1,高,1
por0496,por,STU0554,13,14,13,0,低,0.0,0,低,1
por0497,por,STU0555,14,14,14,0,低,1.0,1,高,0
por0498,por,STU0556,10,10,11,0,中,0.0,0,低,1
por0499,por,STU0557,14,14,13,0,低,0.0,0,低,1
por0500,por,STU0558,16,17,16,0,低,0.0,0,低,1
por0501,por,STU0559,7,6,7,1,高,0.0,0,低,0
por0502,por,STU0560,13,14,12,0,低,1.0,1,高,0
por0503,por,STU0561,9,10,8,1,中,0.0,0,低,0
por0504,por,STU0562,14,14,14,0,低,0.0,0,低,1
por0505,por,STU0563,13,12,13,0,低,0.0,0,低,1
por0506,por,STU0564,11,11,11,0,低,0.0,0,低,1
por0507,por,STU0565,10,11,9,0,中,0.0,0,低,1
por0508,por,STU0566,10,11,11,0,中,0.0,0,低,1
por0509,por,STU0567,9,10,9,1,中,0.0,0,低,0
por0510,por,STU0568,18,16,17,0,低,0.0,0,低,1
por0511,por,STU0569,17,15,17,0,低,1.0,1,高,0
por0512,por,STU0570,10,11,9,0,中,0.0,0,低,1
por0513,por,STU0571,7,7,7,1,高,1.0,1,高,1
por0514,por,STU0572,8,8,6,1,中,0.0,0,低,0
por0515,por,STU0573,7,7,6,1,高,1.0,1,高,1
por0516,por,STU0574,10,9,8,0,中,0.0,0,低,1
por0517,por,STU0575,16,14,16,0,低,0.0,0,低,1
por0518,por,STU0576,15,14,14,0,低,1.0,1,高,0
por0519,por,STU0577,8,8,5,1,中,0.0,0,低,0
por0520,por,STU0578,0,8,7,1,高,0.0,0,低,0
por0521,por,STU0579,8,6,8,1,中,1.0,1,高,1
por0522,por,STU0580,10,8,10,0,中,0.0,0,低,1
por0523,por,STU0581,8,8,8,1,中,0.0,0,低,0
por0524,por,STU0582,6,5,6,1,高,0.0,0,低,0
por0525,por,STU0583,8,7,9,1,中,0.0,0,低,0
por0526,por,STU0584,16,15,14,0,低,0.0,0,低,1
por0527,por,STU0585,14,13,14,0,低,1.0,1,高,0
por0528,por,STU0586,10,10,9,0,中,0.0,0,低,1
por0529,por,STU0587,9,9,9,1,中,1.0,1,高,1
por0530,por,STU0588,11,11,11,0,低,0.0,0,低,1
por0531,por,STU0589,9,7,10,1,中,0.0,0,低,0
por0532,por,STU0590,10,10,10,0,中,0.0,0,低,1
por0533,por,STU0591,8,9,7,1,中,1.0,1,高,1
por0534,por,STU0592,16,14,15,0,低,0.0,0,低,1
por0535,por,STU0593,12,11,12,0,低,0.0,0,低,1
por0536,por,STU0594,10,9,11,0,中,1.0,1,高,0
por0537,por,STU0595,14,13,14,0,低,0.0,0,低,1
por0538,por,STU0596,12,12,13,0,低,0.0,0,低,1
por0539,por,STU0597,11,11,11,0,低,0.0,0,低,1
por0540,por,STU0598,10,9,10,0,中,1.0,1,高,0
por0541,por,STU0599,11,9,11,0,低,0.0,0,低,1
por0542,por,STU0600,11,11,9,0,低,0.0,0,低,1
por0543,por,STU0601,12,10,11,0,低,0.0,0,低,1
por0544,por,STU0602,8,9,9,1,中,0.0,0,低,0
por0545,por,STU0603,12,12,11,0,低,0.0,0,低,1
por0546,por,STU0604,8,8,9,1,中,0.0,0,低,0
por0547,por,STU0605,16,13,15,0,低,1.0,1,高,0
por0548,por,STU0606,11,10,11,0,低,1.0,1,高,0
por0549,por,STU0607,11,11,10,0,低,0.0,0,低,1
por0550,por,STU0608,18,17,18,0,低,0.0,0,低,1
por0551,por,STU0609,13,12,13,0,低,0.0,0,低,1
por0552,por,STU0610,13,13,14,0,低,0.0,0,低,1
por0553,por,STU0611,10,9,9,0,中,0.0,0,低,1
por0554,por,STU0612,12,11,11,0,低,0.0,0,低,1
por0555,por,STU0613,10,10,11,0,中,0.0,0,低,1
por0556,por,STU0614,13,13,14,0,低,0.0,0,低,1
por0557,por,STU0615,11,9,10,0,低,0.0,0,低,1
por0558,por,STU0616,10,7,9,0,中,1.0,1,高,0
por0559,por,STU0617,10,8,13,0,中,1.0,1,高,0
por0560,por,STU0618,13,12,12,0,低,1.0,1,高,0
por0561,por,STU0619,10,10,9,0,中,1.0,1,高,0
por0562,por,STU0620,10,10,9,0,中,0.0,0,低,1
por0563,por,STU0621,12,11,13,0,低,0.0,0,低,1
por0564,por,STU0622,0,7,0,1,高,1.0,1,高,1
por0565,por,STU0623,10,11,9,0,中,0.0,0,低,1
por0566,por,STU0624,9,10,10,1,中,0.0,0,低,0
por0567,por,STU0625,9,9,7,1,中,0.0,0,低,0
por0568,por,STU0626,0,4,0,1,高,1.0,1,高,1
por0569,por,STU0627,9,6,11,1,中,1.0,1,高,1
por0570,por,STU0628,8,4,8,1,中,0.0,0,低,0
por0571,por,STU0629,8,7,8,1,中,0.0,0,低,0
por0572,por,STU0630,9,8,9,1,中,1.0,1,高,1
por0573,por,STU0631,7,5,5,1,高,0.0,0,低,0
por0574,por,STU0632,10,7,9,0,中,0.0,0,低,1
por0575,por,STU0633,10,8,11,0,中,1.0,1,高,0
por0576,por,STU0634,10,10,11,0,中,0.0,0,低,1
por0577,por,STU0349,11,9,10,0,低,0.0,0,低,1
por0578,por,STU0350,11,10,9,0,低,1.0,1,高,0
por0579,por,STU0351,10,8,9,0,中,0.0,0,低,1
por0580,por,STU0352,9,9,10,1,中,0.0,0,低,0
por0581,por,STU0353,10,8,9,0,中,0.0,0,低,1
por0582,por,STU0635,8,6,8,1,中,0.0,0,低,0
por0583,por,STU0636,7,6,8,1,高,1.0,1,高,1
por0584,por,STU0637,0,8,6,1,高,1.0,1,高,1
por0585,por,STU0638,11,10,11,0,低,0.0,0,低,1
por0586,por,STU0639,8,8,7,1,中,0.0,0,低,0
por0587,por,STU0640,0,8,8,1,高,0.0,0,低,0
por0588,por,STU0641,8,7,6,1,中,0.0,0,低,0
por0589,por,STU0642,9,8,10,1,中,0.0,0,低,0
por0590,por,STU0643,10,7,10,0,中,0.0,0,低,1
por0591,por,STU0644,7,7,8,1,高,1.0,1,高,1
por0592,por,STU0645,14,12,13,0,低,0.0,0,低,1
por0593,por,STU0646,13,11,12,0,低,0.0,0,低,1
por0594,por,STU0647,14,12,13,0,低,0.0,0,低,1
por0595,por,STU0648,18,18,18,0,低,0.0,0,低,1
por0596,por,STU0649,17,17,17,0,低,0.0,0,低,1
por0597,por,STU0650,18,17,18,0,低,0.0,0,低,1
por0598,por,STU0651,0,9,0,1,高,0.0,0,低,0
por0599,por,STU0652,11,10,11,0,低,1.0,1,高,0
por0600,por,STU0653,14,12,13,0,低,0.0,0,低,1
por0601,por,STU0654,14,12,13,0,低,0.0,0,低,1
por0602,por,STU0655,10,8,8,0,中,0.0,0,低,1
por0603,por,STU0656,13,11,12,0,低,1.0,1,高,0
por0604,por,STU0657,0,5,0,1,高,0.0,0,低,0
por0605,por,STU0658,10,9,10,0,中,1.0,1,高,0
por0606,por,STU0659,0,5,0,1,高,0.0,0,低,0
por0607,por,STU0660,18,18,18,0,低,0.0,0,低,1
por0608,por,STU0661,12,11,11,0,低,1.0,1,高,0
por0609,por,STU0662,11,8,10,0,低,0.0,0,低,1
por0610,por,STU0663,12,11,11,0,低,0.0,0,低,1
por0611,por,STU0664,0,8,0,1,高,0.0,0,低,0
por0612,por,STU0665,15,14,14,0,低,0.0,0,低,1
por0613,por,STU0354,11,10,11,0,低,0.0,0,低,1
por0614,por,STU0355,10,10,10,0,中,0.0,0,低,1
por0615,por,STU0356,12,12,12,0,低,1.0,1,高,0
por0616,por,STU0357,15,15,14,0,低,0.0,0,低,1
por0617,por,STU0358,14,14,13,0,低,0.0,0,低,1
por0618,por,STU0359,18,19,17,0,低,0.0,0,低,1
por0619,por,STU0666,15,16,15,0,低,0.0,0,低,1
por0620,por,STU0362,13,13,12,0,低,0.0,0,低,1
por0621,por,STU0363,15,15,14,0,低,0.0,0,低,1
por0622,por,STU0364,13,13,13,0,低,0.0,0,低,1
por0623,por,STU0365,9,8,10,1,中,0.0,0,低,0
por0624,por,STU0366,16,15,16,0,低,0.0,0,低,1
por0625,por,STU0367,9,8,8,1,中,1.0,1,高,1
por0626,por,STU0368,10,10,10,0,中,0.0,0,低,1
por0627,por,STU0369,0,7,5,1,高,0.0,0,低,0
por0628,por,STU0371,10,9,10,0,中,0.0,0,低,1
por0629,por,STU0372,12,10,11,0,低,0.0,0,低,1
por0630,por,STU0373,9,7,8,1,中,0.0,0,低,0
por0631,por,STU0374,17,15,17,0,低,0.0,0,低,1
por0632,por,STU0375,12,10,11,0,低,0.0,0,低,1
por0633,por,STU0667,9,7,8,1,中,0.0,0,低,0
por0634,por,STU0377,14,13,14,0,低,0.0,0,低,1
por0635,por,STU0378,16,16,16,0,低,0.0,0,低,1
por0636,por,STU0379,9,8,9,1,中,0.0,0,低,0
por0637,por,STU0380,19,17,18,0,低,0.0,0,低,1
por0638,por,STU0381,0,7,7,1,高,0.0,0,低,0
por0639,por,STU0382,16,14,15,0,低,0.0,0,低,1
por0640,por,STU0383,0,5,8,1,高,0.0,0,低,0
por0641,por,STU0384,0,7,7,1,高,0.0,0,低,0
por0642,por,STU0385,15,14,17,0,低,1.0,1,高,0
por0643,por,STU0668,11,6,9,0,低,0.0,0,低,1
por0644,por,STU0386,10,7,9,0,中,0.0,0,低,1
por0645,por,STU0387,10,10,11,0,中,0.0,0,低,1
por0646,por,STU0388,16,15,15,0,低,0.0,0,低,1
por0647,por,STU0389,9,11,12,1,中,1.0,1,高,1
por0648,por,STU0391,10,10,10,0,中,0.0,0,低,1
por0649,por,STU0393,11,10,11,0,低,0.0,0,低,1
