k,logo_accuracy,logo_precision,logo_recall,logo_f1,split_acc_mean,split_acc_std,split_prec_mean,split_prec_std,split_rec_mean,split_rec_std,split_f1_mean,split_f1_std
1,0.734674,0.385366,0.343478,0.363218,0.74219,0.025278,0.431205,0.04149,0.373121,0.055098,0.398424,0.04036
3,0.772031,0.468254,0.256522,0.331461,0.768057,0.016508,0.492397,0.061773,0.263492,0.045418,0.341518,0.046982
5,0.774904,0.469136,0.165217,0.244373,0.774763,0.021513,0.527674,0.073738,0.223889,0.045065,0.312047,0.051387
7,0.780651,0.506849,0.16087,0.244224,0.777927,0.018203,0.554062,0.102412,0.177235,0.050006,0.266059,0.062366
9,0.783525,0.529412,0.156522,0.241611,0.776964,0.018172,0.558728,0.112971,0.152801,0.035088,0.238554,0.050426
11,0.781609,0.516667,0.134783,0.213793,0.777959,0.022014,0.581831,0.099113,0.129744,0.038386,0.209869,0.053575
15,0.781609,0.520833,0.108696,0.179856,0.779237,0.020518,0.62343,0.126813,0.110192,0.032993,0.185318,0.048862
21,0.783525,0.5625,0.078261,0.137405,0.781483,0.020917,0.680293,0.118044,0.095094,0.038012,0.164758,0.060672
31,0.786398,0.64,0.069565,0.12549,0.774773,0.021041,0.578362,0.160491,0.057697,0.034333,0.103659,0.058936
