student_id,python,ml,cv,attendance_rate,homework_submit_rate,self_study_hours,risk_label,risk_level,knn_proba_risk,knn_pred,knn_pred_level,logreg_proba_risk,logreg_pred,knn_correct
NEW0001,61.5,59.2,66.6,0.909,1.0,4.61,0,低,0.0323,0,低,0.0249,0,1
NEW0002,50.4,36.8,39.4,0.841,0.814,3.87,1,高,0.8065,1,高,0.8579,1,1
NEW0003,32.9,25.0,40.0,0.604,0.813,5.16,1,高,0.8065,1,高,0.9843,1,1
NEW0004,64.7,59.7,59.1,0.886,0.674,3.85,0,中,0.4839,0,中,0.5724,1,1
NEW0005,87.0,67.1,90.0,0.733,0.827,4.57,0,低,0.2258,0,低,0.061,0,1
NEW0006,87.0,42.0,74.6,0.957,0.811,3.44,0,低,0.129,0,低,0.1238,0,1
NEW0007,46.4,47.1,41.0,0.902,0.829,6.23,0,中,0.4194,0,中,0.3582,0,1
NEW0008,53.4,61.6,69.8,0.915,0.726,6.36,1,中,0.1935,0,低,0.0995,0,0
NEW0009,40.4,48.2,42.6,0.691,0.652,2.3,1,中,0.9355,1,高,0.9928,1,1
NEW0010,69.2,54.5,64.6,0.857,0.653,2.11,1,中,0.7419,1,高,0.8163,1,1
NEW0011,65.9,64.9,63.1,0.916,0.771,4.18,0,低,0.1935,0,低,0.1774,0,1
NEW0012,64.5,57.9,60.8,0.937,0.93,4.86,0,低,0.0645,0,低,0.044,0,1
NEW0013,79.1,77.4,87.9,0.864,0.646,6.83,0,低,0.0645,0,低,0.0289,0,1
NEW0014,46.5,68.9,51.2,0.97,0.769,5.59,0,低,0.0968,0,低,0.1169,0,1
NEW0015,54.0,62.5,63.0,0.854,0.812,2.89,0,低,0.4516,0,中,0.4078,0,1
NEW0016,88.7,84.4,89.7,0.997,1.0,4.55,0,低,0.0,0,低,0.0006,0,1
NEW0017,54.5,43.0,25.0,0.801,0.961,4.18,1,中,0.7097,1,高,0.6945,1,1
NEW0018,65.7,57.5,52.9,0.788,0.638,3.78,1,高,0.7419,1,高,0.8676,1,1
NEW0019,62.4,62.3,59.3,0.76,0.727,1.68,1,中,0.7742,1,高,0.8721,1,1
NEW0020,60.9,49.5,69.9,0.931,0.928,4.4,0,低,0.129,0,低,0.0581,0,1
NEW0021,67.8,69.4,55.6,0.852,1.0,6.12,0,低,0.0,0,低,0.016,0,1
NEW0022,38.5,25.0,25.0,0.644,0.661,1.98,1,高,0.9677,1,高,0.9995,1,1
NEW0023,81.4,75.7,89.4,0.856,0.949,6.1,0,低,0.0,0,低,0.0025,0,1
NEW0024,63.7,48.0,75.6,0.873,0.837,6.18,0,低,0.1613,0,低,0.0654,0,1
NEW0025,45.9,42.5,44.1,0.966,0.773,4.95,0,中,0.5161,1,中,0.5428,1,0
NEW0026,51.8,30.9,71.4,0.807,0.867,1.04,0,中,0.5806,1,中,0.8293,1,0
NEW0027,83.3,74.7,74.5,0.971,0.94,7.07,0,低,0.0,0,低,0.0014,0,1
NEW0028,55.8,50.7,54.6,0.682,0.62,4.25,1,高,0.871,1,高,0.9625,1,1
NEW0029,83.9,69.0,85.7,0.889,0.782,4.39,0,低,0.0645,0,低,0.0343,0,1
NEW0030,77.6,58.9,69.3,0.905,0.946,5.34,0,低,0.0,0,低,0.0175,0,1
NEW0031,72.9,63.0,51.0,0.905,0.923,7.6,0,低,0.0645,0,低,0.0148,0,1
NEW0032,54.6,43.9,44.0,0.814,0.727,2.48,1,中,0.8065,1,高,0.9474,1,1
NEW0033,58.6,48.9,51.2,0.85,0.816,6.7,0,低,0.3548,0,中,0.2414,0,1
NEW0034,43.6,32.9,45.2,0.894,0.83,5.15,1,中,0.6774,1,中,0.6436,1,1
NEW0035,75.1,74.2,71.9,0.955,1.0,6.55,0,低,0.0,0,低,0.0017,0,1
NEW0036,73.1,72.3,72.2,0.802,0.958,6.11,0,低,0.0323,0,低,0.0133,0,1
NEW0037,75.2,62.5,84.6,0.866,0.999,7.36,0,低,0.0,0,低,0.0021,0,1
NEW0038,55.3,42.8,40.3,0.714,0.702,0.69,1,高,0.9032,1,高,0.9941,1,1
NEW0039,76.6,66.0,66.9,0.764,0.797,2.37,1,中,0.4839,0,中,0.485,0,0
NEW0040,97.5,83.6,97.3,0.963,0.957,5.28,0,低,0.0,0,低,0.0004,0,1
NEW0041,48.2,40.5,39.7,0.923,0.965,4.77,0,中,0.5161,1,中,0.2822,0,0
NEW0042,63.4,49.0,67.1,0.787,0.813,4.62,0,中,0.3871,0,中,0.3885,0,1
NEW0043,66.1,79.0,60.3,0.778,0.809,4.2,0,低,0.2581,0,低,0.1966,0,1
NEW0044,52.4,58.6,41.3,0.838,0.869,5.99,0,低,0.3226,0,中,0.2513,0,1
NEW0045,70.8,45.1,60.2,0.909,0.865,2.15,0,低,0.3548,0,中,0.4111,0,1
NEW0046,54.4,44.9,64.0,0.794,0.635,3.94,1,高,0.7097,1,高,0.8892,1,1
NEW0047,71.8,60.4,58.8,0.66,0.598,1.13,1,高,0.871,1,高,0.9844,1,1
NEW0048,72.4,81.8,80.8,0.944,1.0,4.03,0,低,0.0323,0,低,0.003,0,1
NEW0049,83.2,82.2,87.3,0.908,1.0,8.15,0,低,0.0,0,低,0.0003,0,1
NEW0050,58.8,55.4,75.7,0.659,0.983,2.75,0,中,0.3548,0,中,0.3384,0,1
NEW0051,69.9,73.8,87.8,0.912,0.974,6.27,0,低,0.0,0,低,0.0017,0,1
NEW0052,61.8,52.4,64.2,0.715,0.677,1.78,1,中,0.8387,1,高,0.9508,1,1
NEW0053,86.7,81.3,72.4,0.784,0.924,5.6,0,低,0.0323,0,低,0.0119,0,1
NEW0054,75.1,80.0,73.3,0.843,0.73,3.32,0,低,0.1613,0,低,0.1685,0,1
NEW0055,84.5,62.9,74.2,0.823,0.868,2.8,0,低,0.0968,0,低,0.1311,0,1
NEW0056,36.2,31.6,35.8,0.726,0.537,1.03,1,高,0.9355,1,高,0.9995,1,1
NEW0057,33.6,30.7,25.7,0.911,0.763,3.74,1,高,0.8387,1,高,0.9589,1,1
NEW0058,58.8,59.0,69.6,0.812,0.64,6.51,0,低,0.5484,1,中,0.3707,0,0
NEW0059,65.1,35.1,36.6,0.639,0.76,4.55,1,高,0.7419,1,高,0.9707,1,1
NEW0060,74.2,81.4,65.5,0.842,1.0,2.78,0,低,0.0645,0,低,0.0274,0,1
NEW0061,74.9,84.6,73.4,0.75,0.55,2.84,0,中,0.5806,1,中,0.7072,1,0
NEW0062,79.2,72.7,82.6,0.949,0.94,9.05,0,低,0.0,0,低,0.0005,0,1
NEW0063,75.9,51.9,73.0,0.979,0.843,6.12,0,低,0.0,0,低,0.0194,0,1
NEW0064,60.2,25.0,64.8,0.823,0.921,3.25,0,中,0.4839,0,中,0.5576,1,1
NEW0065,48.2,26.3,43.0,0.719,0.641,4.92,1,高,0.871,1,高,0.9867,1,1
NEW0066,70.5,56.9,56.6,0.797,0.643,2.4,0,中,0.7742,1,高,0.9,1,0
NEW0067,60.8,33.3,58.2,0.927,1.0,5.93,0,低,0.3548,0,中,0.0551,0,1
NEW0068,77.6,54.4,72.2,0.847,0.884,5.19,0,低,0.0968,0,低,0.0568,0,1
NEW0069,68.9,71.3,60.7,0.974,0.888,5.3,0,低,0.0645,0,低,0.0172,0,1
NEW0070,68.3,45.0,50.2,0.729,0.655,3.57,1,中,0.7097,1,高,0.9529,1,1
NEW0071,51.9,43.9,53.1,0.766,0.848,5.5,1,中,0.5161,1,中,0.5522,1,1
NEW0072,78.2,72.2,81.4,0.933,0.889,4.81,0,低,0.0323,0,低,0.0088,0,1
NEW0073,79.6,73.1,69.5,0.865,0.894,4.1,0,低,0.0323,0,低,0.0355,0,1
NEW0074,78.0,58.5,82.3,0.857,0.72,5.06,0,低,0.2581,0,低,0.1174,0,1
NEW0075,63.7,41.4,45.8,1.0,0.956,6.65,0,低,0.2258,0,低,0.0372,0,1
NEW0076,86.6,89.6,78.9,0.932,0.981,6.96,0,低,0.0,0,低,0.0005,0,1
NEW0077,85.2,75.3,88.7,0.783,0.936,3.15,0,低,0.0968,0,低,0.0236,0,1
NEW0078,47.1,42.2,44.4,0.685,0.779,4.18,1,中,0.871,1,高,0.9479,1,1
NEW0079,79.8,82.1,74.2,0.91,0.903,4.46,0,低,0.0323,0,低,0.0094,0,1
NEW0080,82.4,61.6,83.3,0.883,0.918,7.26,0,低,0.0,0,低,0.0039,0,1
NEW0081,48.8,46.6,46.6,0.833,0.954,5.22,0,中,0.4516,0,中,0.2831,0,1
NEW0082,76.7,75.4,86.9,0.827,0.721,5.14,0,低,0.129,0,低,0.0559,0,1
NEW0083,79.5,71.8,86.2,0.94,0.91,5.51,0,低,0.0,0,低,0.0036,0,1
NEW0084,68.7,63.5,60.5,0.857,0.677,1.74,1,中,0.7097,1,高,0.7756,1,1
NEW0085,66.5,52.7,71.0,0.794,0.722,3.43,0,中,0.6129,1,中,0.6238,1,0
NEW0086,72.9,74.2,79.4,0.885,0.881,3.8,0,低,0.0323,0,低,0.0269,0,1
NEW0087,74.5,75.4,75.9,0.868,0.9,6.42,0,低,0.0323,0,低,0.0076,0,1
NEW0088,73.6,48.8,69.2,0.853,0.92,4.8,0,低,0.129,0,低,0.0772,0,1
NEW0089,81.6,69.9,90.6,0.815,0.69,4.54,1,低,0.2903,0,低,0.1026,0,0
NEW0090,78.3,75.1,81.9,0.943,0.973,6.41,0,低,0.0,0,低,0.0014,0,1
NEW0091,81.1,81.5,92.5,0.991,1.0,7.3,0,低,0.0,0,低,0.0002,0,1
NEW0092,82.7,56.4,65.8,0.927,0.912,7.21,0,低,0.0,0,低,0.0089,0,1
NEW0093,75.0,51.4,64.5,0.864,0.801,4.99,0,低,0.2258,0,低,0.1878,0,1
NEW0094,62.3,42.9,52.3,1.0,1.0,7.24,0,低,0.129,0,低,0.013,0,1
NEW0095,85.3,87.5,88.3,0.901,0.881,4.76,0,低,0.0,0,低,0.0036,0,1
NEW0096,73.5,66.9,68.0,0.948,0.796,4.02,0,低,0.0968,0,低,0.0758,0,1
NEW0097,77.1,61.9,67.4,1.0,0.78,3.94,0,低,0.0323,0,低,0.0699,0,1
NEW0098,75.1,52.3,62.7,0.796,0.732,0.35,1,中,0.6452,1,中,0.9024,1,1
NEW0099,79.8,81.7,84.3,0.974,0.76,7.02,0,低,0.0,0,低,0.0035,0,1
NEW0100,72.1,63.5,77.5,0.817,1.0,4.47,0,低,0.0323,0,低,0.021,0,1
