split,seed,model,n_train,n_test,test_risk_ratio,accuracy,precision,recall,f1,specificity,balanced_accuracy,TP,TN,FP,FN
1,42,knn,725,319,0.2351,0.714734,0.375,0.32,0.345324,0.836066,0.578033,24,204,40,51
2,43,knn,733,311,0.2058,0.771704,0.433962,0.359375,0.393162,0.878543,0.618959,23,217,30,41
3,44,knn,729,315,0.2476,0.733333,0.448276,0.333333,0.382353,0.864979,0.599156,26,205,32,52
4,45,knn,724,320,0.2344,0.753125,0.467742,0.386667,0.423358,0.865306,0.625986,29,212,33,46
5,46,knn,729,315,0.2063,0.761905,0.410714,0.353846,0.380165,0.868,0.610923,23,217,33,42
6,47,knn,736,308,0.2338,0.730519,0.403509,0.319444,0.356589,0.855932,0.587688,23,202,34,49
7,48,knn,729,315,0.2381,0.742857,0.463415,0.506667,0.484076,0.816667,0.661667,38,196,44,37
8,49,knn,727,317,0.224,0.77918,0.509434,0.380282,0.435484,0.894309,0.637295,27,220,26,44
9,50,knn,732,312,0.2115,0.737179,0.385714,0.409091,0.397059,0.825203,0.617147,27,203,43,39
10,51,knn,740,304,0.2632,0.697368,0.414286,0.3625,0.386667,0.816964,0.589732,29,183,41,51
1,42,logreg,725,319,0.2351,0.76489,0.5,0.226667,0.311927,0.930328,0.578497,17,227,17,58
2,43,logreg,733,311,0.2058,0.797428,0.517241,0.234375,0.322581,0.94332,0.588847,15,233,14,49
3,44,logreg,729,315,0.2476,0.771429,0.583333,0.269231,0.368421,0.936709,0.60297,21,222,15,57
4,45,logreg,724,320,0.2344,0.790625,0.642857,0.24,0.349515,0.959184,0.599592,18,235,10,57
5,46,logreg,729,315,0.2063,0.812698,0.6,0.276923,0.378947,0.952,0.614462,18,238,12,47
6,47,logreg,736,308,0.2338,0.792208,0.642857,0.25,0.36,0.957627,0.603814,18,226,10,54
7,48,logreg,729,315,0.2381,0.787302,0.6,0.32,0.417391,0.933333,0.626667,24,224,16,51
8,49,logreg,727,317,0.224,0.810726,0.657143,0.323944,0.433962,0.95122,0.637582,23,234,12,48
9,50,logreg,732,312,0.2115,0.798077,0.540541,0.30303,0.38835,0.930894,0.616962,20,229,17,46
10,51,logreg,740,304,0.2632,0.759868,0.64,0.2,0.304762,0.959821,0.579911,16,215,9,64
