threshold,accuracy,precision,recall,f1,n_predicted_risk
0.1,0.75,0.5442,0.9832,0.7006,215
0.15,0.77,0.5652,0.9832,0.7178,207
0.2,0.815,0.6271,0.9328,0.75,177
0.25,0.8375,0.6627,0.9244,0.7719,166
0.3,0.85,0.6879,0.9076,0.7826,157
0.35,0.875,0.7379,0.8992,0.8106,145
0.4,0.855,0.7328,0.8067,0.768,131
0.45,0.86,0.7561,0.7815,0.7686,123
0.5,0.885,0.8411,0.7563,0.7965,107
0.55,0.8675,0.8587,0.6639,0.7488,92
0.6,0.8625,0.8721,0.6303,0.7317,86
0.65,0.8425,0.9,0.5294,0.6667,70
0.7,0.835,0.9206,0.4874,0.6374,63
0.75,0.805,0.9184,0.3782,0.5357,49
0.8,0.775,0.8919,0.2773,0.4231,37
0.85,0.75,0.9524,0.1681,0.2857,21
0.9,0.735,1.0,0.1092,0.197,13
